,Player,Play Type,Secondary Player,Clock,Quarter,Team,Opponent,Score,Home?,Distance,Points,Shot Type
0,Al Horford,JUMP_BALL,None,12:00,1,Timberwolves,Celtics,0 - 0,1,N/A,N/A,N/A
1,Jeff Teague,FG_UNASSISTED,None,11:40,1,Timberwolves,Celtics,0 - 2,1,0,2,Layup
2,Marcus Morris,FG_ASSISTED,Marcus Smart,11:23,1,Celtics,Timberwolves,3 - 2,0,26,3,Jumper
3,Andrew Wiggins,FG_UNASSISTED,None,11:02,1,Timberwolves,Celtics,3 - 4,1,10,2,Jumper
4,Robert Covington,Unknown,None,10:45,1,Timberwolves,Celtics,3 - 4,1,N/A,N/A,N/A
5,Kyrie Irving,FG_ASSISTED,Marcus Smart,10:43,1,Celtics,Timberwolves,5 - 4,0,21,2,Jumper
6,Karl-Anthony Towns,FG_ASSISTED,Andrew Wiggins,10:24,1,Timberwolves,Celtics,5 - 7,1,25,3,Jumper
7,Al Horford,FG_UNASSISTED,None,10:06,1,Celtics,Timberwolves,7 - 7,0,-,2,Jumper
8,Robert Covington,TURNOVER,Marcus Morris,9:50,1,Timberwolves,Celtics,7 - 7,1,N/A,N/A,N/A
9,Kyrie Irving,FG_MISS,None,9:46,1,Celtics,Timberwolves,7 - 7,0,0,2,Layup
10,Jeff Teague,DEFENSIVE_REBOUND,None,9:45,1,Timberwolves,Celtics,7 - 7,1,N/A,N/A,N/A
11,Robert Covington,FG_MISS,None,9:37,1,Timberwolves,Celtics,7 - 7,1,25,3,Jumper
12,Marcus Smart,DEFENSIVE_REBOUND,None,9:35,1,Celtics,Timberwolves,7 - 7,0,N/A,N/A,N/A
13,Robert Covington,FOUL_ON_FLOOR,None,9:33,1,Timberwolves,Celtics,7 - 7,1,N/A,N/A,N/A
14,Jayson Tatum,FG_MISS,None,9:25,1,Celtics,Timberwolves,7 - 7,0,23,3,Jumper
15,Karl-Anthony Towns,DEFENSIVE_REBOUND,None,9:23,1,Timberwolves,Celtics,7 - 7,1,N/A,N/A,N/A
16,Jeff Teague,TURNOVER,Marcus Smart,9:15,1,Timberwolves,Celtics,7 - 7,1,N/A,N/A,N/A
17,Kyrie Irving,TURNOVER,None,8:58,1,Celtics,Timberwolves,7 - 7,0,N/A,N/A,N/A
18,Jeff Teague,FG_UNASSISTED,None,8:48,1,Timberwolves,Celtics,7 - 10,1,25,3,Jumper
19,Kyrie Irving,FG_UNASSISTED,None,8:40,1,Celtics,Timberwolves,9 - 10,0,0,2,Layup
20,Andrew Wiggins,FG_UNASSISTED,None,8:26,1,Timberwolves,Celtics,9 - 12,1,17,2,Jumper
21,Marcus Morris,FG_MISS,None,8:07,1,Celtics,Timberwolves,9 - 12,0,17,2,Jumper
22,Taj Gibson,DEFENSIVE_REBOUND,None,8:05,1,Timberwolves,Celtics,9 - 12,1,N/A,N/A,N/A
23,Taj Gibson,FG_ASSISTED,Karl-Anthony Towns,7:56,1,Timberwolves,Celtics,9 - 14,1,0,2,Layup
24,Marcus Morris,FOUL_ON_FLOOR,None,7:56,1,Celtics,Timberwolves,9 - 14,0,N/A,N/A,N/A
25,Taj Gibson,FT_MISS,None,7:56,1,Timberwolves,Celtics,9 - 14,1,N/A,1,N/A
26,Jayson Tatum,DEFENSIVE_REBOUND,None,7:54,1,Celtics,Timberwolves,9 - 14,0,N/A,N/A,N/A
27,Kyrie Irving,FG_MISS,None,7:38,1,Celtics,Timberwolves,9 - 14,0,26,3,Jumper
28,Karl-Anthony Towns,DEFENSIVE_REBOUND,None,7:34,1,Timberwolves,Celtics,9 - 14,1,N/A,N/A,N/A
29,Marcus Smart,FOUL_ON_FLOOR,None,7:27,1,Celtics,Timberwolves,9 - 14,0,N/A,N/A,N/A
30,Jeff Teague,FG_MISS,None,7:12,1,Timberwolves,Celtics,9 - 14,1, ,2,Jumper
31,Marcus Morris,DEFENSIVE_REBOUND,None,7:08,1,Celtics,Timberwolves,9 - 14,0,N/A,N/A,N/A
32,Marcus Morris,TURNOVER,None,7:03,1,Celtics,Timberwolves,9 - 14,0,N/A,N/A,N/A
33,Jeff Teague,FG_MISS,None,6:46,1,Timberwolves,Celtics,9 - 14,1,0,2,Layup
34,Marcus Morris,DEFENSIVE_REBOUND,None,6:44,1,Celtics,Timberwolves,9 - 14,0,N/A,N/A,N/A
35,Jayson Tatum,FG_MISS,None,6:38,1,Celtics,Timberwolves,9 - 14,0,23,3,Jumper
36,Robert Covington,DEFENSIVE_REBOUND,None,6:35,1,Timberwolves,Celtics,9 - 14,1,N/A,N/A,N/A
37,Kyrie Irving,FOUL_ON_FLOOR,None,6:31,1,Celtics,Timberwolves,9 - 14,0,N/A,N/A,N/A
38,Team,Unknown,None,6:31,1,Timberwolves,Celtics,9 - 14,1,N/A,N/A,N/A
39,Gordon Hayward,SUBSTITUTION,Tatum Jayson,6:31,1,Celtics,Timberwolves,9 - 14,0,N/A,N/A,N/A
40,Andrew Wiggins,FT,None,6:31,1,Timberwolves,Celtics,9 - 15,1,N/A,1,N/A
41,Andrew Wiggins,FT,None,6:31,1,Timberwolves,Celtics,9 - 16,1,N/A,1,N/A
42,Kyrie Irving,TURNOVER,Karl-Anthony Towns,6:20,1,Celtics,Timberwolves,9 - 16,0,N/A,N/A,N/A
43,Karl-Anthony Towns,FG_MISS,None,6:12,1,Timberwolves,Celtics,9 - 16,1,5,2,Jumper
44,Al Horford,DEFENSIVE_REBOUND,None,6:11,1,Celtics,Timberwolves,9 - 16,0,N/A,N/A,N/A
45,Kyrie Irving,FG_ASSISTED,Gordon Hayward,5:54,1,Celtics,Timberwolves,12 - 16,0,23,3,Jumper
46,Robert Covington,FG_MISS,None,5:46,1,Timberwolves,Celtics,12 - 16,1,25,3,Jumper
47,Team,OFFENSIVE_REBOUND,None,5:45,1,Timberwolves,Celtics,12 - 16,1,N/A,N/A,N/A
48,Marcus Morris,FOUL_ON_FLOOR,None,5:45,1,Celtics,Timberwolves,12 - 16,0,N/A,N/A,N/A
49,Aron Baynes,SUBSTITUTION,Morris Marcus,5:45,1,Celtics,Timberwolves,12 - 16,0,N/A,N/A,N/A
50,Jeff Teague,FG_MISS,None,5:33,1,Timberwolves,Celtics,12 - 16,1,11,2,Jumper
51,Taj Gibson,OFFENSIVE_REBOUND,None,5:30,1,Timberwolves,Celtics,12 - 16,1,N/A,N/A,N/A
52,Taj Gibson,FG_UNASSISTED,None,5:30,1,Timberwolves,Celtics,12 - 18,1,0,2,Layup
53,Aron Baynes,FOUL_ON_FLOOR,None,5:30,1,Celtics,Timberwolves,12 - 18,0,N/A,N/A,N/A
54,Taj Gibson,FT_MISS,None,5:30,1,Timberwolves,Celtics,12 - 18,1,N/A,1,N/A
55,Gordon Hayward,DEFENSIVE_REBOUND,None,5:30,1,Celtics,Timberwolves,12 - 18,0,N/A,N/A,N/A
56,Marcus Smart,FG_ASSISTED,Aron Baynes,5:20,1,Celtics,Timberwolves,15 - 18,0,30,3,Jumper
57,Andrew Wiggins,FG_MISS,None,5:02,1,Timberwolves,Celtics,15 - 18,1,26,3,Jumper
58,Kyrie Irving,DEFENSIVE_REBOUND,None,4:59,1,Celtics,Timberwolves,15 - 18,0,N/A,N/A,N/A
59,Gordon Hayward,FG_MISS,None,4:49,1,Celtics,Timberwolves,15 - 18,0,14,2,Jumper
60,Team,DEFENSIVE_REBOUND,None,4:46,1,Timberwolves,Celtics,15 - 18,1,N/A,N/A,N/A
61,Derrick Rose,SUBSTITUTION,Covington Robert,4:46,1,Timberwolves,Celtics,15 - 18,1,N/A,N/A,N/A
62,Jeff Teague,FG_MISS,Al Horford,4:36,1,Celtics,Timberwolves,15 - 18,1,0,2,Layup
63,Aron Baynes,DEFENSIVE_REBOUND,None,4:35,1,Celtics,Timberwolves,15 - 18,0,N/A,N/A,N/A
64,Taj Gibson,FOUL_ON_FLOOR,None,4:31,1,Timberwolves,Celtics,15 - 18,1,N/A,N/A,N/A
65,Kyrie Irving,FT,None,4:31,1,Celtics,Timberwolves,16 - 18,0,N/A,1,N/A
66,Kyrie Irving,FT,None,4:31,1,Celtics,Timberwolves,17 - 18,0,N/A,1,N/A
67,Taj Gibson,FG_MISS,None,4:13,1,Timberwolves,Celtics,17 - 18,1,0,2,Layup
68,Taj Gibson,OFFENSIVE_REBOUND,None,4:05,1,Timberwolves,Celtics,17 - 18,1,N/A,N/A,N/A
69,Taj Gibson,FG_UNASSISTED,None,4:05,1,Timberwolves,Celtics,17 - 20,1, ,2,Jumper
70,Marcus Smart,FG_ASSISTED,Kyrie Irving,3:59,1,Celtics,Timberwolves,20 - 20,0,26,3,Jumper
71,Derrick Rose,FG_UNASSISTED,None,3:40,1,Timberwolves,Celtics,20 - 22,1, ,2,Jumper
72,Al Horford,FG_ASSISTED,Kyrie Irving,3:23,1,Celtics,Timberwolves,23 - 22,0,26,3,Jumper
73,Taj Gibson,FG_MISS,None,3:05,1,Timberwolves,Celtics,23 - 22,1,0,2,Layup
74,Tyus Jones,SUBSTITUTION,Teague Jeff,3:04,1,Timberwolves,Celtics,23 - 22,1,N/A,N/A,N/A
75,Aron Baynes,JUMP_BALL,None,3:04,1,Celtics,Timberwolves,23 - 22,0,N/A,N/A,N/A
76,Team,DEFENSIVE_REBOUND,None,3:04,1,Celtics,Timberwolves,23 - 22,0,N/A,N/A,N/A
77,Terry Rozier,SUBSTITUTION,Irving Kyrie,3:04,1,Celtics,Timberwolves,23 - 22,0,N/A,N/A,N/A
78,Marcus Smart,FG_MISS,None,2:44,1,Celtics,Timberwolves,23 - 22,0,25,3,Jumper
79,Terry Rozier,OFFENSIVE_REBOUND,None,2:40,1,Celtics,Timberwolves,23 - 22,0,N/A,N/A,N/A
80,Team,Unknown,None,2:39,1,Celtics,Timberwolves,23 - 22,0,N/A,N/A,N/A
81,Dario Saric,SUBSTITUTION,Gibson Taj,2:39,1,Timberwolves,Celtics,23 - 22,1,N/A,N/A,N/A
82,Jayson Tatum,SUBSTITUTION,Smart Marcus,2:39,1,Celtics,Timberwolves,23 - 22,0,N/A,N/A,N/A
83,Al Horford,FG_MISS,None,2:33,1,Celtics,Timberwolves,23 - 22,0,25,3,Jumper
84,Dario Saric,DEFENSIVE_REBOUND,None,2:30,1,Timberwolves,Celtics,23 - 22,1,N/A,N/A,N/A
85,Derrick Rose,TURNOVER,Gordon Hayward,2:20,1,Timberwolves,Celtics,23 - 22,1,N/A,N/A,N/A
86,Al Horford,FG_ASSISTED,Gordon Hayward,2:08,1,Celtics,Timberwolves,25 - 22,0,0,2,Layup
87,Dario Saric,FG_MISS,None,1:46,1,Timberwolves,Celtics,25 - 22,1,23,3,Jumper
88,Gordon Hayward,DEFENSIVE_REBOUND,None,1:42,1,Celtics,Timberwolves,25 - 22,0,N/A,N/A,N/A
89,Jayson Tatum,FG_ASSISTED,Terry Rozier,1:30,1,Celtics,Timberwolves,27 - 22,0,10,2,Jumper
90,Derrick Rose,FG_UNASSISTED,None,1:15,1,Timberwolves,Celtics,27 - 24,1,0,2,Layup
91,Jayson Tatum,FG_MISS,None,58.5,1,Celtics,Timberwolves,27 - 24,0,26,3,Jumper
92,Karl-Anthony Towns,DEFENSIVE_REBOUND,None,55.4,1,Timberwolves,Celtics,27 - 24,1,N/A,N/A,N/A
93,Andrew Wiggins,FG_MISS,None,43.8,1,Timberwolves,Celtics,27 - 24,1,24,3,Jumper
94,Jayson Tatum,DEFENSIVE_REBOUND,None,40.9,1,Celtics,Timberwolves,27 - 24,0,N/A,N/A,N/A
95,Tyus Jones,FOUL_ON_FLOOR,None,32.0,1,Timberwolves,Celtics,27 - 24,1,N/A,N/A,N/A
96,Gorgui Dieng,SUBSTITUTION,Towns Karl-Anthony,32.0,1,Timberwolves,Celtics,27 - 24,1,N/A,N/A,N/A
97,Semi Ojeleye,SUBSTITUTION,Horford Al,32.0,1,Celtics,Timberwolves,27 - 24,0,N/A,N/A,N/A
98,Gordon Hayward,FG_ASSISTED,Terry Rozier,25.7,1,Celtics,Timberwolves,29 - 24,0,8,2,Jumper
99,Derrick Rose,FG_UNASSISTED,None,2.6,1,Timberwolves,Celtics,29 - 26,1,12,2,Jumper
100,End of,Unknown,None,0.0,1,Timberwolves,Celtics,29 - 26,1,N/A,N/A,N/A
0,Robert Covington,SUBSTITUTION,Wiggins Andrew,12:00,2,Timberwolves,Celtics,29 - 26,1,N/A,N/A,N/A
1,Semi Ojeleye,FG_MISS,Dario Saric,11:44,2,Timberwolves,Celtics,29 - 26,0,8,2,Jumper
2,Semi Ojeleye,OFFENSIVE_REBOUND,None,11:39,2,Celtics,Timberwolves,29 - 26,0,N/A,N/A,N/A
3,Aron Baynes,FG_MISS,None,11:38,2,Celtics,Timberwolves,29 - 26,0,26,3,Jumper
4,Robert Covington,DEFENSIVE_REBOUND,None,11:36,2,Timberwolves,Celtics,29 - 26,1,N/A,N/A,N/A
5,Derrick Rose,FG_MISS,Aron Baynes,11:34,2,Celtics,Timberwolves,29 - 26,1,0,2,Layup
6,Jayson Tatum,DEFENSIVE_REBOUND,None,11:30,2,Celtics,Timberwolves,29 - 26,0,N/A,N/A,N/A
7,Gordon Hayward,FG_MISS,None,11:29,2,Celtics,Timberwolves,29 - 26,0,0,2,Layup
8,Dario Saric,DEFENSIVE_REBOUND,None,11:26,2,Timberwolves,Celtics,29 - 26,1,N/A,N/A,N/A
9,Derrick Rose,FG_MISS,None,11:08,2,Timberwolves,Celtics,29 - 26,1,21,2,Jumper
10,Jayson Tatum,DEFENSIVE_REBOUND,None,11:06,2,Celtics,Timberwolves,29 - 26,0,N/A,N/A,N/A
11,Aron Baynes,FOUL_ON_FLOOR,None,10:53,2,Celtics,Timberwolves,29 - 26,0,N/A,N/A,N/A
12,Aron Baynes,TURNOVER,None,10:53,2,Celtics,Timberwolves,29 - 26,0,N/A,N/A,N/A
13,Gorgui Dieng,FG_MISS,None,10:40,2,Timberwolves,Celtics,29 - 26,1,19,2,Jumper
14,Gordon Hayward,DEFENSIVE_REBOUND,None,10:37,2,Celtics,Timberwolves,29 - 26,0,N/A,N/A,N/A
15,Jayson Tatum,FG_MISS,None,10:29,2,Celtics,Timberwolves,29 - 26,0,16,2,Jumper
16,Team,DEFENSIVE_REBOUND,None,10:27,2,Timberwolves,Celtics,29 - 26,1,N/A,N/A,N/A
17,Dario Saric,FG_ASSISTED,Gorgui Dieng,10:04,2,Timberwolves,Celtics,29 - 28,1,0,2,Layup
18,Semi Ojeleye,FG_MISS,None,9:46,2,Celtics,Timberwolves,29 - 28,0,25,3,Jumper
19,Gorgui Dieng,DEFENSIVE_REBOUND,None,9:45,2,Timberwolves,Celtics,29 - 28,1,N/A,N/A,N/A
20,Dario Saric,FG_ASSISTED,Tyus Jones,9:29,2,Timberwolves,Celtics,29 - 30,1,0,2,Layup
21,Jayson Tatum,FG_ASSISTED,Gordon Hayward,9:12,2,Celtics,Timberwolves,32 - 30,0,25,3,Jumper
22,Aron Baynes,FOUL_ON_FLOOR,None,8:52,2,Celtics,Timberwolves,32 - 30,0,N/A,N/A,N/A
23,Marcus Morris,SUBSTITUTION,Ojeleye Semi,8:52,2,Celtics,Timberwolves,32 - 30,0,N/A,N/A,N/A
24,Daniel Theis,SUBSTITUTION,Baynes Aron,8:52,2,Celtics,Timberwolves,32 - 30,0,N/A,N/A,N/A
25,Dario Saric,FG_MISS,None,8:44,2,Timberwolves,Celtics,32 - 30,1, ,3,Jumper
26,Jayson Tatum,DEFENSIVE_REBOUND,None,8:42,2,Celtics,Timberwolves,32 - 30,0,N/A,N/A,N/A
27,Terry Rozier,FG_MISS,None,8:34,2,Celtics,Timberwolves,32 - 30,0,25,3,Jumper
28,Gordon Hayward,OFFENSIVE_REBOUND,None,8:25,2,Celtics,Timberwolves,32 - 30,0,N/A,N/A,N/A
29,Gordon Hayward,FG_UNASSISTED,None,8:25,2,Celtics,Timberwolves,34 - 30,0, ,2,Jumper
30,Derrick Rose,FG_UNASSISTED,None,8:19,2,Timberwolves,Celtics,34 - 32,1,0,2,Layup
31,Tyus Jones,FOUL_ON_FLOOR,None,8:06,2,Timberwolves,Celtics,34 - 32,1,N/A,N/A,N/A
32,Gordon Hayward,FT,None,8:06,2,Celtics,Timberwolves,35 - 32,0,N/A,1,N/A
33,Gordon Hayward,FT,None,8:06,2,Celtics,Timberwolves,36 - 32,0,N/A,1,N/A
34,Daniel Theis,FOUL_ON_FLOOR,None,8:01,2,Celtics,Timberwolves,36 - 32,0,N/A,N/A,N/A
35,Kyrie Irving,SUBSTITUTION,Hayward Gordon,8:01,2,Celtics,Timberwolves,36 - 32,0,N/A,N/A,N/A
36,Derrick Rose,TURNOVER,Jayson Tatum,7:55,2,Timberwolves,Celtics,36 - 32,1,N/A,N/A,N/A
37,Jayson Tatum,TURNOVER,None,7:52,2,Celtics,Timberwolves,36 - 32,0,N/A,N/A,N/A
38,Derrick Rose,FG_UNASSISTED,None,7:36,2,Timberwolves,Celtics,36 - 34,1,16,2,Jumper
39,Daniel Theis,TURNOVER,None,7:20,2,Celtics,Timberwolves,36 - 34,0,N/A,N/A,N/A
40,Marcus Morris,FOUL_ON_FLOOR,None,7:05,2,Celtics,Timberwolves,36 - 34,0,N/A,N/A,N/A
41,Derrick Rose,FT,None,7:05,2,Timberwolves,Celtics,36 - 35,1,N/A,1,N/A
42,Derrick Rose,FT,None,7:05,2,Timberwolves,Celtics,36 - 36,1,N/A,1,N/A
43,Gorgui Dieng,FOUL_ON_FLOOR,None,6:53,2,Timberwolves,Celtics,36 - 36,1,N/A,N/A,N/A
44,Team,Unknown,None,6:53,2,Timberwolves,Celtics,36 - 36,1,N/A,N/A,N/A
45,Jeff Teague,SUBSTITUTION,Jones Tyus,6:53,2,Timberwolves,Celtics,36 - 36,1,N/A,N/A,N/A
46,Karl-Anthony Towns,SUBSTITUTION,Dieng Gorgui,6:53,2,Timberwolves,Celtics,36 - 36,1,N/A,N/A,N/A
47,Marcus Morris,FG_ASSISTED,Kyrie Irving,6:43,2,Celtics,Timberwolves,39 - 36,0,25,3,Jumper
48,Jeff Teague,TURNOVER,None,6:29,2,Timberwolves,Celtics,39 - 36,1,N/A,N/A,N/A
49,Marcus Morris,FG_ASSISTED,Kyrie Irving,6:14,2,Celtics,Timberwolves,42 - 36,0,22,3,Jumper
50,Daniel Theis,FOUL_ON_FLOOR,None,6:04,2,Celtics,Timberwolves,42 - 36,0,N/A,N/A,N/A
51,Taj Gibson,SUBSTITUTION,Saric Dario,6:04,2,Timberwolves,Celtics,42 - 36,1,N/A,N/A,N/A
52,Karl-Anthony Towns,FG_MISS,None,5:51,2,Timberwolves,Celtics,42 - 36,1,17,2,Jumper
53,Team,OFFENSIVE_REBOUND,None,5:49,2,Timberwolves,Celtics,42 - 36,1,N/A,N/A,N/A
54,Taj Gibson,TURNOVER,None,5:47,2,Timberwolves,Celtics,42 - 36,1,N/A,N/A,N/A
55,Kyrie Irving,FG_UNASSISTED,None,5:34,2,Celtics,Timberwolves,44 - 36,0,13,2,Jumper
56,Derrick Rose,FOUL_ON_FLOOR,None,5:34,2,Timberwolves,Celtics,44 - 36,1,N/A,N/A,N/A
57,Kyrie Irving,FT,None,5:34,2,Celtics,Timberwolves,45 - 36,0,N/A,1,N/A
58,Robert Covington,TURNOVER,None,5:27,2,Timberwolves,Celtics,45 - 36,1,N/A,N/A,N/A
59,Marcus Morris,FG_MISS,None,5:16,2,Celtics,Timberwolves,45 - 36,0,25,3,Jumper
60,Karl-Anthony Towns,DEFENSIVE_REBOUND,None,5:14,2,Timberwolves,Celtics,45 - 36,1,N/A,N/A,N/A
61,Taj Gibson,FG_ASSISTED,Jeff Teague,5:07,2,Timberwolves,Celtics,45 - 38,1,0,2,Layup
62,Daniel Theis,Unknown,None,5:07,2,Celtics,Timberwolves,45 - 38,0,N/A,N/A,N/A
63,Terry Rozier,FG_MISS,None,4:50,2,Celtics,Timberwolves,45 - 38,0,15,2,Jumper
64,Taj Gibson,DEFENSIVE_REBOUND,None,4:47,2,Timberwolves,Celtics,45 - 38,1,N/A,N/A,N/A
65,Robert Covington,FG_MISS,None,4:40,2,Timberwolves,Celtics,45 - 38,1,20,2,Jumper
66,Terry Rozier,DEFENSIVE_REBOUND,None,4:36,2,Celtics,Timberwolves,45 - 38,0,N/A,N/A,N/A
67,Daniel Theis,FG_ASSISTED,Terry Rozier,4:26,2,Celtics,Timberwolves,47 - 38,0,0,2,Layup
68,Team,Unknown,None,4:26,2,Timberwolves,Celtics,47 - 38,1,N/A,N/A,N/A
69,Andrew Wiggins,SUBSTITUTION,Rose Derrick,4:26,2,Timberwolves,Celtics,47 - 38,1,N/A,N/A,N/A
70,Marcus Smart,SUBSTITUTION,Tatum Jayson,4:26,2,Celtics,Timberwolves,47 - 38,0,N/A,N/A,N/A
71,Gordon Hayward,SUBSTITUTION,Rozier Terry,4:26,2,Celtics,Timberwolves,47 - 38,0,N/A,N/A,N/A
72,Al Horford,SUBSTITUTION,Morris Marcus,4:26,2,Celtics,Timberwolves,47 - 38,0,N/A,N/A,N/A
73,Daniel Theis,Unknown,None,4:12,2,Celtics,Timberwolves,47 - 38,0,N/A,N/A,N/A
74,Karl-Anthony Towns,FG_MISS,None,4:00,2,Timberwolves,Celtics,47 - 38,1,0,2,Layup
75,Karl-Anthony Towns,OFFENSIVE_REBOUND,None,3:57,2,Timberwolves,Celtics,47 - 38,1,N/A,N/A,N/A
76,Karl-Anthony Towns,FG_MISS,None,3:57,2,Timberwolves,Celtics,47 - 38,1, ,2,Jumper
77,Team,OFFENSIVE_REBOUND,None,3:57,2,Timberwolves,Celtics,47 - 38,1,N/A,N/A,N/A
78,Karl-Anthony Towns,FG_ASSISTED,Andrew Wiggins,3:53,2,Timberwolves,Celtics,47 - 40,1,0,2,Layup
79,Karl-Anthony Towns,FOUL_ON_FLOOR,None,3:35,2,Timberwolves,Celtics,47 - 40,1,N/A,N/A,N/A
80,Gordon Hayward,FT,None,3:35,2,Celtics,Timberwolves,48 - 40,0,N/A,1,N/A
81,Gordon Hayward,FT,None,3:35,2,Celtics,Timberwolves,49 - 40,0,N/A,1,N/A
82,Andrew Wiggins,FG_MISS,None,3:24,2,Timberwolves,Celtics,49 - 40,1,17,2,Jumper
83,Kyrie Irving,DEFENSIVE_REBOUND,None,3:22,2,Celtics,Timberwolves,49 - 40,0,N/A,N/A,N/A
84,Gordon Hayward,FG_ASSISTED,Kyrie Irving,3:16,2,Celtics,Timberwolves,52 - 40,0,25,3,Jumper
85,Robert Covington,FG_ASSISTED,Jeff Teague,3:02,2,Timberwolves,Celtics,51 - 43,1,24,3,Jumper
86,Gordon Hayward,FG_MISS,None,2:50,2,Celtics,Timberwolves,52 - 43,0,0,2,Layup
87,Gordon Hayward,OFFENSIVE_REBOUND,None,2:46,2,Celtics,Timberwolves,51 - 43,0,N/A,N/A,N/A
88,Kyrie Irving,FG_MISS,None,2:44,2,Celtics,Timberwolves,51 - 43,0,24,3,Jumper
89,Taj Gibson,DEFENSIVE_REBOUND,None,2:42,2,Timberwolves,Celtics,51 - 43,1,N/A,N/A,N/A
90,Robert Covington,FG_MISS,None,2:34,2,Timberwolves,Celtics,51 - 43,1,12,2,Jumper
91,Team,DEFENSIVE_REBOUND,None,2:34,2,Celtics,Timberwolves,51 - 43,0,N/A,N/A,N/A
92,Gordon Hayward,FG_ASSISTED,Marcus Smart,2:12,2,Celtics,Timberwolves,54 - 43,0,26,3,Jumper
93,Andrew Wiggins,FG_MISS,None,1:56,2,Timberwolves,Celtics,54 - 43,1, ,3,Jumper
94,Gordon Hayward,DEFENSIVE_REBOUND,None,1:52,2,Celtics,Timberwolves,54 - 43,0,N/A,N/A,N/A
95,Daniel Theis,FG_MISS,Karl-Anthony Towns,1:43,2,Timberwolves,Celtics,54 - 43,0,0,2,Layup
96,Robert Covington,DEFENSIVE_REBOUND,None,1:39,2,Timberwolves,Celtics,54 - 43,1,N/A,N/A,N/A
97,Daniel Theis,FOUL_ON_FLOOR,None,1:36,2,Celtics,Timberwolves,54 - 43,0,N/A,N/A,N/A
98,Taj Gibson,FT_MISS,None,1:36,2,Timberwolves,Celtics,54 - 43,1,N/A,1,N/A
99,Team,OFFENSIVE_REBOUND,None,1:36,2,Timberwolves,Celtics,54 - 43,1,N/A,N/A,N/A
100,Taj Gibson,FT_MISS,None,1:36,2,Timberwolves,Celtics,54 - 43,1,N/A,1,N/A
101,Kyrie Irving,DEFENSIVE_REBOUND,None,1:34,2,Celtics,Timberwolves,54 - 43,0,N/A,N/A,N/A
102,Daniel Theis,FG_MISS,None,1:28,2,Celtics,Timberwolves,54 - 43,0,26,3,Jumper
103,Jeff Teague,DEFENSIVE_REBOUND,None,1:26,2,Timberwolves,Celtics,54 - 43,1,N/A,N/A,N/A
104,Taj Gibson,TURNOVER,None,1:13,2,Timberwolves,Celtics,54 - 43,1,N/A,N/A,N/A
105,Daniel Theis,FG_ASSISTED,Al Horford,1:01,2,Celtics,Timberwolves,56 - 43,0,0,2,Dunk
106,Robert Covington,FG_ASSISTED,Taj Gibson,45.4,2,Timberwolves,Celtics,56 - 46,1,26,3,Jumper
107,Kyrie Irving,FG_MISS,None,35.7,2,Celtics,Timberwolves,56 - 46,0,0,2,Layup
108,Taj Gibson,DEFENSIVE_REBOUND,None,34.0,2,Timberwolves,Celtics,56 - 46,1,N/A,N/A,N/A
109,Jeff Teague,FG_MISS,None,27.1,2,Timberwolves,Celtics,56 - 46,1,9,2,Jumper
110,Jeff Teague,OFFENSIVE_REBOUND,None,24.8,2,Timberwolves,Celtics,56 - 46,1,N/A,N/A,N/A
111,Marcus Smart,FOUL_ON_FLOOR,None,24.2,2,Celtics,Timberwolves,56 - 46,0,N/A,N/A,N/A
112,Robert Covington,FT,None,24.2,2,Timberwolves,Celtics,56 - 47,1,N/A,1,N/A
113,Marcus Morris,SUBSTITUTION,Theis Daniel,24.2,2,Celtics,Timberwolves,56 - 47,0,N/A,N/A,N/A
114,Jayson Tatum,SUBSTITUTION,Smart Marcus,24.2,2,Celtics,Timberwolves,56 - 47,0,N/A,N/A,N/A
115,Robert Covington,FT,None,24.2,2,Timberwolves,Celtics,56 - 48,1,N/A,1,N/A
116,Kyrie Irving,TURNOVER,Robert Covington,6.4,2,Celtics,Timberwolves,56 - 48,0,N/A,N/A,N/A
117,Andrew Wiggins,TURNOVER,Marcus Morris,0.9,2,Timberwolves,Celtics,57 - 48,1,N/A,N/A,N/A
118,Kyrie Irving,FG_MISS,None,0.0,2,Celtics,Timberwolves,56 - 48,0,30,3,Jumper
119,Team,OFFENSIVE_REBOUND,None,0.0,2,Celtics,Timberwolves,56 - 48,0,N/A,N/A,N/A
120,End of,Unknown,None,0.0,2,Timberwolves,Celtics,57 - 48,1,N/A,N/A,N/A
0,Marcus Smart,SUBSTITUTION,Hayward Gordon,12:00,3,Celtics,Timberwolves,57 - 48,0,N/A,N/A,N/A
1,Marcus Morris,FG_MISS,None,11:40,3,Celtics,Timberwolves,57 - 48,0,17,2,Jumper
2,Andrew Wiggins,DEFENSIVE_REBOUND,None,11:35,3,Timberwolves,Celtics,57 - 48,1,N/A,N/A,N/A
3,Andrew Wiggins,FG_MISS,None,11:16,3,Timberwolves,Celtics,57 - 48,1,11,2,Jumper
4,Marcus Morris,DEFENSIVE_REBOUND,None,11:13,3,Celtics,Timberwolves,57 - 48,0,N/A,N/A,N/A
5,Al Horford,FG_MISS,None,11:06,3,Celtics,Timberwolves,57 - 48,0,26,3,Jumper
6,Taj Gibson,DEFENSIVE_REBOUND,None,11:03,3,Timberwolves,Celtics,57 - 48,1,N/A,N/A,N/A
7,Al Horford,FOUL_ON_FLOOR,None,10:58,3,Celtics,Timberwolves,57 - 48,0,N/A,N/A,N/A
8,Karl-Anthony Towns,FG_ASSISTED,Jeff Teague,10:48,3,Timberwolves,Celtics,57 - 51,1,26,3,Jumper
9,Marcus Morris,FG_MISS,None,10:30,3,Celtics,Timberwolves,57 - 51,0, ,3,Jumper
10,Taj Gibson,DEFENSIVE_REBOUND,None,10:29,3,Timberwolves,Celtics,57 - 51,1,N/A,N/A,N/A
11,Karl-Anthony Towns,FG_MISS,None,10:22,3,Timberwolves,Celtics,57 - 51,1,27,3,Jumper
12,Team,DEFENSIVE_REBOUND,None,10:20,3,Celtics,Timberwolves,57 - 51,0,N/A,N/A,N/A
13,Andrew Wiggins,FOUL_ON_FLOOR,None,10:11,3,Timberwolves,Celtics,57 - 51,1,N/A,N/A,N/A
14,Kyrie Irving,FT,None,10:11,3,Celtics,Timberwolves,58 - 51,0,N/A,1,N/A
15,Kyrie Irving,FT,None,10:11,3,Celtics,Timberwolves,59 - 51,0,N/A,1,N/A
16,Karl-Anthony Towns,TURNOVER,None,10:03,3,Timberwolves,Celtics,59 - 51,1,N/A,N/A,N/A
17,Jeff Teague,FOUL_ON_FLOOR,None,9:56,3,Timberwolves,Celtics,59 - 51,1,N/A,N/A,N/A
18,Kyrie Irving,FT,None,9:56,3,Celtics,Timberwolves,60 - 51,0,N/A,1,N/A
19,Kyrie Irving,FT,None,9:56,3,Celtics,Timberwolves,61 - 51,0,N/A,1,N/A
20,Jeff Teague,TURNOVER,None,9:43,3,Timberwolves,Celtics,61 - 51,1,N/A,N/A,N/A
21,Kyrie Irving,FG_MISS,None,9:38,3,Celtics,Timberwolves,61 - 51,0,23,3,Jumper
22,Team,OFFENSIVE_REBOUND,None,9:37,3,Celtics,Timberwolves,61 - 51,0,N/A,N/A,N/A
23,Karl-Anthony Towns,FOUL_ON_FLOOR,None,9:37,3,Timberwolves,Celtics,61 - 51,1,N/A,N/A,N/A
24,Al Horford,TURNOVER,Robert Covington,9:23,3,Celtics,Timberwolves,61 - 51,0,N/A,N/A,N/A
25,Karl-Anthony Towns,FG_ASSISTED,Andrew Wiggins,9:04,3,Timberwolves,Celtics,61 - 53,1,0,2,Layup
26,Al Horford,FG_UNASSISTED,None,8:48,3,Celtics,Timberwolves,63 - 53,0,0,2,Layup
27,Karl-Anthony Towns,FG_MISS,None,8:28,3,Timberwolves,Celtics,63 - 53,1,6,2,Jumper
28,Karl-Anthony Towns,OFFENSIVE_REBOUND,None,8:25,3,Timberwolves,Celtics,63 - 53,1,N/A,N/A,N/A
29,Al Horford,FOUL_ON_FLOOR,None,8:25,3,Celtics,Timberwolves,63 - 53,0,N/A,N/A,N/A
30,Karl-Anthony Towns,FT,None,8:25,3,Timberwolves,Celtics,63 - 54,1,N/A,1,N/A
31,Karl-Anthony Towns,FT,None,8:25,3,Timberwolves,Celtics,63 - 55,1,N/A,1,N/A
32,Jayson Tatum,FG_UNASSISTED,None,8:11,3,Celtics,Timberwolves,65 - 55,0,15,2,Jumper
33,Andrew Wiggins,TURNOVER,Marcus Smart,7:56,3,Timberwolves,Celtics,65 - 55,1,N/A,N/A,N/A
34,Jayson Tatum,FG_ASSISTED,Kyrie Irving,7:53,3,Celtics,Timberwolves,67 - 55,0,0,2,Dunk
35,Team,Unknown,None,7:47,3,Timberwolves,Celtics,67 - 55,1,N/A,N/A,N/A
36,Jayson Tatum,FOUL_ON_FLOOR,None,7:41,3,Celtics,Timberwolves,67 - 55,0,N/A,N/A,N/A
37,Andrew Wiggins,FT,None,7:41,3,Timberwolves,Celtics,67 - 56,1,N/A,1,N/A
38,Andrew Wiggins,FT_MISS,None,7:41,3,Timberwolves,Celtics,67 - 56,1,N/A,1,N/A
39,Jayson Tatum,DEFENSIVE_REBOUND,None,7:39,3,Celtics,Timberwolves,67 - 56,0,N/A,N/A,N/A
40,Al Horford,FG_ASSISTED,Jayson Tatum,7:26,3,Celtics,Timberwolves,69 - 56,0,0,2,Dunk
41,Andrew Wiggins,FG_UNASSISTED,None,7:15,3,Timberwolves,Celtics,69 - 58,1,4,2,Jumper
42,Al Horford,FG_MISS,None,6:56,3,Celtics,Timberwolves,69 - 58,0,26,3,Jumper
43,Marcus Smart,OFFENSIVE_REBOUND,None,6:53,3,Celtics,Timberwolves,69 - 58,0,N/A,N/A,N/A
44,Jayson Tatum,FG_UNASSISTED,None,6:44,3,Celtics,Timberwolves,72 - 58,0,27,2,Jumper
45,Andrew Wiggins,FG_ASSISTED,Jeff Teague,6:26,3,Timberwolves,Celtics,72 - 61,1,22,3,Jumper
46,Al Horford,TURNOVER,None,6:06,3,Celtics,Timberwolves,72 - 61,0,N/A,N/A,N/A
47,Andrew Wiggins,FG_ASSISTED,Jeff Teague,5:46,3,Timberwolves,Celtics,72 - 64,1,26,3,Jumper
48,Kyrie Irving,FG_MISS,None,5:25,3,Celtics,Timberwolves,72 - 64,0,23,3,Jumper
49,Gordon Hayward,SUBSTITUTION,Tatum Jayson,5:24,3,Celtics,Timberwolves,72 - 64,0,N/A,N/A,N/A
50,Team,DEFENSIVE_REBOUND,None,5:24,3,Timberwolves,Celtics,72 - 64,1,N/A,N/A,N/A
51,Al Horford,JUMP_BALL,None,5:21,3,Timberwolves,Celtics,72 - 64,1,N/A,N/A,N/A
52,Jeff Teague,FG_MISS,None,5:10,3,Timberwolves,Celtics,72 - 64,1,19,2,Jumper
53,Al Horford,DEFENSIVE_REBOUND,None,5:06,3,Celtics,Timberwolves,72 - 64,0,N/A,N/A,N/A
54,Jeff Teague,FOUL_ON_FLOOR,None,5:05,3,Timberwolves,Celtics,72 - 64,1,N/A,N/A,N/A
55,Derrick Rose,SUBSTITUTION,Covington Robert,5:05,3,Timberwolves,Celtics,72 - 64,1,N/A,N/A,N/A
56,Al Horford,FG_ASSISTED,Gordon Hayward,4:59,3,Celtics,Timberwolves,74 - 64,0,16,2,Jumper
57,Jeff Teague,FG_UNASSISTED,None,4:32,3,Timberwolves,Celtics,74 - 66,1,8,2,Jumper
58,Kyrie Irving,FG_MISS,None,4:22,3,Celtics,Timberwolves,74 - 66,0,28,3,Jumper
59,Karl-Anthony Towns,DEFENSIVE_REBOUND,None,4:20,3,Timberwolves,Celtics,74 - 66,1,N/A,N/A,N/A
60,Marcus Smart,FOUL_ON_FLOOR,None,4:16,3,Celtics,Timberwolves,74 - 66,0,N/A,N/A,N/A
61,Jeff Teague,FT,None,4:16,3,Timberwolves,Celtics,74 - 67,1,N/A,1,N/A
62,Dario Saric,SUBSTITUTION,Gibson Taj,4:16,3,Timberwolves,Celtics,74 - 67,1,N/A,N/A,N/A
63,Semi Ojeleye,SUBSTITUTION,Morris Marcus,4:16,3,Celtics,Timberwolves,74 - 67,0,N/A,N/A,N/A
64,Terry Rozier,SUBSTITUTION,Smart Marcus,4:16,3,Celtics,Timberwolves,74 - 67,0,N/A,N/A,N/A
65,Jeff Teague,FT,None,4:16,3,Timberwolves,Celtics,74 - 68,1,N/A,1,N/A
66,Al Horford,FG_ASSISTED,Terry Rozier,4:00,3,Celtics,Timberwolves,76 - 68,0,0,2,Layup
67,Dario Saric,FG_ASSISTED,Derrick Rose,3:51,3,Timberwolves,Celtics,76 - 70,1,0,2,Layup
68,Gordon Hayward,TURNOVER,Derrick Rose,3:36,3,Celtics,Timberwolves,76 - 70,0,N/A,N/A,N/A
69,Derrick Rose,FG_MISS,None,3:30,3,Timberwolves,Celtics,76 - 70,1,15,2,Jumper
70,Al Horford,DEFENSIVE_REBOUND,None,3:28,3,Celtics,Timberwolves,76 - 70,0,N/A,N/A,N/A
71,Kyrie Irving,FG_MISS,None,3:20,3,Celtics,Timberwolves,76 - 70,0, ,2,Jumper
72,Karl-Anthony Towns,DEFENSIVE_REBOUND,None,3:16,3,Timberwolves,Celtics,76 - 70,1,N/A,N/A,N/A
73,Karl-Anthony Towns,FG_MISS,None,3:10,3,Timberwolves,Celtics,76 - 70,1,26,3,Jumper
74,Terry Rozier,DEFENSIVE_REBOUND,None,3:07,3,Celtics,Timberwolves,76 - 70,0,N/A,N/A,N/A
75,Team,Unknown,None,3:05,3,Celtics,Timberwolves,76 - 70,0,N/A,N/A,N/A
76,Jayson Tatum,SUBSTITUTION,Irving Kyrie,3:05,3,Celtics,Timberwolves,76 - 70,0,N/A,N/A,N/A
77,Terry Rozier,FG_ASSISTED,Gordon Hayward,2:59,3,Celtics,Timberwolves,79 - 70,0,25,3,Jumper
78,Derrick Rose,FG_UNASSISTED,None,2:40,3,Timberwolves,Celtics,79 - 73,1,24,3,Jumper
79,Terry Rozier,FG_MISS,None,2:17,3,Celtics,Timberwolves,79 - 73,0,27,3,Jumper
80,Karl-Anthony Towns,DEFENSIVE_REBOUND,None,2:15,3,Timberwolves,Celtics,79 - 73,1,N/A,N/A,N/A
81,Karl-Anthony Towns,TURNOVER,None,2:07,3,Timberwolves,Celtics,79 - 73,1,N/A,N/A,N/A
82,Tyus Jones,SUBSTITUTION,Teague Jeff,2:07,3,Timberwolves,Celtics,79 - 73,1,N/A,N/A,N/A
83,Aron Baynes,SUBSTITUTION,Horford Al,2:07,3,Celtics,Timberwolves,79 - 73,0,N/A,N/A,N/A
84,Gordon Hayward,FG_MISS,None,1:57,3,Celtics,Timberwolves,79 - 73,0,14,2,Jumper
85,Aron Baynes,OFFENSIVE_REBOUND,None,1:53,3,Celtics,Timberwolves,79 - 73,0,N/A,N/A,N/A
86,Gordon Hayward,FG_MISS,None,1:47,3,Celtics,Timberwolves,79 - 73,0,26,3,Jumper
87,Andrew Wiggins,DEFENSIVE_REBOUND,None,1:45,3,Timberwolves,Celtics,79 - 73,1,N/A,N/A,N/A
88,Andrew Wiggins,FG_MISS,None,1:35,3,Timberwolves,Celtics,79 - 73,1,0,2,Layup
89,Aron Baynes,DEFENSIVE_REBOUND,None,1:33,3,Celtics,Timberwolves,79 - 73,0,N/A,N/A,N/A
90,Jayson Tatum,FG_ASSISTED,Gordon Hayward,1:21,3,Celtics,Timberwolves,82 - 73,0,26,3,Jumper
91,Karl-Anthony Towns,FG_ASSISTED,Derrick Rose,1:07,3,Timberwolves,Celtics,82 - 75,1,0,2,Layup
92,Jayson Tatum,FG_MISS,None,49.1,3,Celtics,Timberwolves,82 - 75,0,24,3,Jumper
93,Dario Saric,DEFENSIVE_REBOUND,None,46.6,3,Timberwolves,Celtics,82 - 75,1,N/A,N/A,N/A
94,Derrick Rose,FG_MISS,None,40.4,3,Timberwolves,Celtics,82 - 75,1,25,3,Jumper
95,Semi Ojeleye,DEFENSIVE_REBOUND,None,38.7,3,Celtics,Timberwolves,82 - 75,0,N/A,N/A,N/A
96,Terry Rozier,FG_UNASSISTED,None,33.8,3,Celtics,Timberwolves,84 - 75,0,8,2,Jumper
97,Aron Baynes,FOUL_ON_FLOOR,None,18.7,3,Celtics,Timberwolves,84 - 75,0,N/A,N/A,N/A
98,Karl-Anthony Towns,FT,None,18.7,3,Timberwolves,Celtics,84 - 76,1,N/A,1,N/A
99,Karl-Anthony Towns,FT,None,18.7,3,Timberwolves,Celtics,84 - 77,1,N/A,1,N/A
100,Team,Unknown,None,9.2,3,Celtics,Timberwolves,84 - 77,0,N/A,N/A,N/A
101,Gorgui Dieng,SUBSTITUTION,Towns Karl-Anthony,9.2,3,Timberwolves,Celtics,84 - 77,1,N/A,N/A,N/A
102,Robert Covington,SUBSTITUTION,Jones Tyus,9.2,3,Timberwolves,Celtics,84 - 77,1,N/A,N/A,N/A
103,Kyrie Irving,SUBSTITUTION,Ojeleye Semi,9.2,3,Celtics,Timberwolves,84 - 77,0,N/A,N/A,N/A
104,Al Horford,SUBSTITUTION,Baynes Aron,9.2,3,Celtics,Timberwolves,84 - 77,0,N/A,N/A,N/A
105,Jayson Tatum,TURNOVER,None,4.7,3,Celtics,Timberwolves,84 - 77,0,N/A,N/A,N/A
106,Marcus Smart,SUBSTITUTION,Irving Kyrie,4.7,3,Celtics,Timberwolves,84 - 77,0,N/A,N/A,N/A
107,Robert Williams,SUBSTITUTION,Rozier Terry,0.1,3,Celtics,Timberwolves,84 - 77,0,N/A,N/A,N/A
108,Andrew Wiggins,FG_MISS,None,0.1,3,Timberwolves,Celtics,84 - 77,1,0,2,Layup
109,Team,OFFENSIVE_REBOUND,None,0.1,3,Timberwolves,Celtics,84 - 77,1,N/A,N/A,N/A
110,End of,Unknown,None,0.0,3,Timberwolves,Celtics,84 - 77,1,N/A,N/A,N/A
0,Tyus Jones,SUBSTITUTION,Wiggins Andrew,12:00,4,Timberwolves,Celtics,84 - 77,1,N/A,N/A,N/A
1,Marcus Morris,SUBSTITUTION,Smart Marcus,12:00,4,Celtics,Timberwolves,84 - 77,0,N/A,N/A,N/A
2,Aron Baynes,SUBSTITUTION,Horford Al,12:00,4,Celtics,Timberwolves,84 - 77,0,N/A,N/A,N/A
3,Terry Rozier,SUBSTITUTION,Williams Robert,12:00,4,Celtics,Timberwolves,84 - 77,0,N/A,N/A,N/A
4,Derrick Rose,FG_UNASSISTED,None,11:44,4,Timberwolves,Celtics,84 - 79,1,10,2,Jumper
5,Terry Rozier,FG_MISS,None,11:30,4,Celtics,Timberwolves,84 - 79,0,27,3,Jumper
6,Robert Covington,DEFENSIVE_REBOUND,None,11:27,4,Timberwolves,Celtics,84 - 79,1,N/A,N/A,N/A
7,Robert Covington,FG_MISS,None,11:14,4,Timberwolves,Celtics,84 - 79,1,27,3,Jumper
8,Terry Rozier,DEFENSIVE_REBOUND,None,11:10,4,Celtics,Timberwolves,84 - 79,0,N/A,N/A,N/A
9,Gordon Hayward,FG_ASSISTED,Jayson Tatum,11:03,4,Celtics,Timberwolves,87 - 79,0, ,3,Jumper
10,Dario Saric,FG_MISS,None,10:51,4,Timberwolves,Celtics,87 - 79,1,26,3,Jumper
11,Terry Rozier,DEFENSIVE_REBOUND,None,10:48,4,Celtics,Timberwolves,87 - 79,0,N/A,N/A,N/A
12,Marcus Morris,FG_ASSISTED,Terry Rozier,10:34,4,Celtics,Timberwolves,89 - 79,0,9,2,Jumper
13,Derrick Rose,FG_ASSISTED,Dario Saric,10:16,4,Timberwolves,Celtics,89 - 81,1,0,2,Layup
14,Marcus Morris,TURNOVER,Robert Covington,9:54,4,Celtics,Timberwolves,89 - 81,0,N/A,N/A,N/A
15,Derrick Rose,FG_MISS,Terry Rozier,9:49,4,Celtics,Timberwolves,89 - 81,1,0,2,Layup
16,Tyus Jones,OFFENSIVE_REBOUND,None,9:46,4,Timberwolves,Celtics,89 - 81,1,N/A,N/A,N/A
17,Tyus Jones,FG_MISS,None,9:45,4,Timberwolves,Celtics,89 - 81,1,22,3,Jumper
18,Robert Covington,OFFENSIVE_REBOUND,None,9:44,4,Timberwolves,Celtics,89 - 81,1,N/A,N/A,N/A
19,Aron Baynes,FOUL_ON_FLOOR,None,9:44,4,Celtics,Timberwolves,89 - 81,0,N/A,N/A,N/A
20,Robert Covington,FT,None,9:44,4,Timberwolves,Celtics,89 - 82,1,N/A,1,N/A
21,Robert Covington,FT,None,9:44,4,Timberwolves,Celtics,89 - 83,1,N/A,1,N/A
22,Jayson Tatum,FG_MISS,None,9:25,4,Celtics,Timberwolves,89 - 83,0,25,3,Jumper
23,Robert Covington,DEFENSIVE_REBOUND,None,9:24,4,Timberwolves,Celtics,89 - 83,1,N/A,N/A,N/A
24,Derrick Rose,FG_ASSISTED,Tyus Jones,9:15,4,Timberwolves,Celtics,89 - 86,1,23,3,Jumper
25,Gordon Hayward,FG_MISS,None,9:00,4,Celtics,Timberwolves,89 - 86,0,13,2,Jumper
26,Robert Covington,DEFENSIVE_REBOUND,None,8:56,4,Timberwolves,Celtics,89 - 86,1,N/A,N/A,N/A
27,Gorgui Dieng,FG_ASSISTED,Derrick Rose,8:48,4,Timberwolves,Celtics,89 - 88,1,0,2,Layup
28,Jayson Tatum,FOUL_ON_FLOOR,None,8:48,4,Celtics,Timberwolves,89 - 88,0,N/A,N/A,N/A
29,Kyrie Irving,SUBSTITUTION,Tatum Jayson,8:48,4,Celtics,Timberwolves,89 - 88,0,N/A,N/A,N/A
30,Gorgui Dieng,FT,None,8:48,4,Timberwolves,Celtics,89 - 89,1,N/A,1,N/A
31,Marcus Morris,FG_ASSISTED,Gordon Hayward,8:36,4,Celtics,Timberwolves,92 - 89,0,27,3,Jumper
32,Dario Saric,FG_MISS,None,8:12,4,Timberwolves,Celtics,92 - 89,1,23,3,Jumper
33,Aron Baynes,DEFENSIVE_REBOUND,None,8:09,4,Celtics,Timberwolves,92 - 89,0,N/A,N/A,N/A
34,Dario Saric,FOUL_ON_FLOOR,None,7:55,4,Timberwolves,Celtics,92 - 89,1,N/A,N/A,N/A
35,Marcus Morris,FT,None,7:55,4,Celtics,Timberwolves,93 - 89,0,N/A,1,N/A
36,Marcus Morris,FT,None,7:55,4,Celtics,Timberwolves,94 - 89,0,N/A,1,N/A
37,Robert Covington,FG_MISS,None,7:37,4,Timberwolves,Celtics,94 - 89,1,25,3,Jumper
38,Gordon Hayward,DEFENSIVE_REBOUND,None,7:34,4,Celtics,Timberwolves,94 - 89,0,N/A,N/A,N/A
39,Terry Rozier,FG_ASSISTED,Gordon Hayward,7:32,4,Celtics,Timberwolves,96 - 89,0,0,2,Dunk
40,Team,Unknown,None,7:24,4,Timberwolves,Celtics,96 - 89,1,N/A,N/A,N/A
41,Karl-Anthony Towns,SUBSTITUTION,Dieng Gorgui,7:24,4,Timberwolves,Celtics,96 - 89,1,N/A,N/A,N/A
42,Derrick Rose,FG_MISS,None,7:13,4,Timberwolves,Celtics,96 - 89,1,10,2,Jumper
43,Team,DEFENSIVE_REBOUND,None,7:13,4,Celtics,Timberwolves,96 - 89,0,N/A,N/A,N/A
44,Karl-Anthony Towns,FOUL_ON_FLOOR,None,7:13,4,Timberwolves,Celtics,96 - 89,1,N/A,N/A,N/A
45,Robert Covington,FOUL_ON_FLOOR,None,7:03,4,Timberwolves,Celtics,96 - 89,1,N/A,N/A,N/A
46,Gordon Hayward,FT,None,7:03,4,Celtics,Timberwolves,97 - 89,0,N/A,1,N/A
47,Jeff Teague,SUBSTITUTION,Jones Tyus,7:03,4,Timberwolves,Celtics,97 - 89,1,N/A,N/A,N/A
48,Gordon Hayward,FT,None,7:03,4,Celtics,Timberwolves,98 - 89,0,N/A,1,N/A
49,Karl-Anthony Towns,FG_ASSISTED,Derrick Rose,6:50,4,Timberwolves,Celtics,98 - 91,1,0,2,Layup
50,Gordon Hayward,TURNOVER,None,6:40,4,Celtics,Timberwolves,98 - 91,0,N/A,N/A,N/A
51,Karl-Anthony Towns,FG_MISS,None,6:21,4,Timberwolves,Celtics,98 - 91,1,23,3,Jumper
52,Dario Saric,OFFENSIVE_REBOUND,None,6:20,4,Timberwolves,Celtics,98 - 91,1,N/A,N/A,N/A
53,Marcus Morris,FOUL_ON_FLOOR,None,6:20,4,Celtics,Timberwolves,98 - 91,0,N/A,N/A,N/A
54,Dario Saric,FT,None,6:20,4,Timberwolves,Celtics,98 - 92,1,N/A,1,N/A
55,Marcus Smart,SUBSTITUTION,Rozier Terry,6:20,4,Celtics,Timberwolves,98 - 92,0,N/A,N/A,N/A
56,Jayson Tatum,SUBSTITUTION,Hayward Gordon,6:20,4,Celtics,Timberwolves,98 - 92,0,N/A,N/A,N/A
57,Al Horford,SUBSTITUTION,Baynes Aron,6:20,4,Celtics,Timberwolves,98 - 92,0,N/A,N/A,N/A
58,Dario Saric,FT_MISS,None,6:20,4,Timberwolves,Celtics,98 - 92,1,N/A,1,N/A
59,Jayson Tatum,DEFENSIVE_REBOUND,None,6:18,4,Celtics,Timberwolves,98 - 92,0,N/A,N/A,N/A
60,Marcus Smart,FG_MISS,None,6:04,4,Celtics,Timberwolves,98 - 92,0,28,3,Jumper
61,Robert Covington,DEFENSIVE_REBOUND,None,6:02,4,Timberwolves,Celtics,98 - 92,1,N/A,N/A,N/A
62,Jeff Teague,TURNOVER,Marcus Smart,5:50,4,Timberwolves,Celtics,98 - 92,1,N/A,N/A,N/A
63,Robert Covington,FOUL_ON_FLOOR,None,5:50,4,Timberwolves,Celtics,98 - 92,1,N/A,N/A,N/A
64,Marcus Morris,FG_MISS,None,5:40,4,Celtics,Timberwolves,98 - 92,0,25,3,Jumper
65,Robert Covington,DEFENSIVE_REBOUND,None,5:37,4,Timberwolves,Celtics,98 - 92,1,N/A,N/A,N/A
66,Karl-Anthony Towns,FG_MISS,None,5:16,4,Timberwolves,Celtics,98 - 92,1,24,3,Jumper
67,Jayson Tatum,DEFENSIVE_REBOUND,None,5:14,4,Celtics,Timberwolves,98 - 92,0,N/A,N/A,N/A
68,Kyrie Irving,FG_ASSISTED,Al Horford,5:08,4,Celtics,Timberwolves,101 - 92,0,27,3,Jumper
69,Robert Covington,FG_ASSISTED,Jeff Teague,4:49,4,Timberwolves,Celtics,101 - 94,1,0,2,Layup
70,Kyrie Irving,TURNOVER,Robert Covington,4:29,4,Celtics,Timberwolves,101 - 94,0,N/A,N/A,N/A
71,Robert Covington,FG_UNASSISTED,None,4:27,4,Timberwolves,Celtics,101 - 96,1,0,2,Layup
72,Marcus Morris,FOUL_ON_FLOOR,None,4:27,4,Celtics,Timberwolves,101 - 96,0,N/A,N/A,N/A
73,Andrew Wiggins,SUBSTITUTION,Saric Dario,4:27,4,Timberwolves,Celtics,101 - 96,1,N/A,N/A,N/A
74,Robert Covington,FT,None,4:27,4,Timberwolves,Celtics,101 - 97,1,N/A,1,N/A
75,Kyrie Irving,FG_UNASSISTED,None,4:13,4,Celtics,Timberwolves,103 - 97,0,0,2,Layup
76,Derrick Rose,FG_UNASSISTED,None,3:54,4,Timberwolves,Celtics,103 - 99,1, ,2,Jumper
77,Team,Unknown,None,3:46,4,Celtics,Timberwolves,103 - 99,0,N/A,N/A,N/A
78,Gordon Hayward,SUBSTITUTION,Morris Marcus,3:46,4,Celtics,Timberwolves,103 - 99,0,N/A,N/A,N/A
79,Gordon Hayward,FG_MISS,None,3:34,4,Celtics,Timberwolves,103 - 99,0,15,2,Jumper
80,Robert Covington,DEFENSIVE_REBOUND,None,3:31,4,Timberwolves,Celtics,103 - 99,1,N/A,N/A,N/A
81,Kyrie Irving,FOUL_ON_FLOOR,None,3:31,4,Celtics,Timberwolves,103 - 99,0,N/A,N/A,N/A
82,Robert Covington,FT,None,3:31,4,Timberwolves,Celtics,103 - 100,1,N/A,1,N/A
83,Robert Covington,FT,None,3:31,4,Timberwolves,Celtics,103 - 101,1,N/A,1,N/A
84,Jayson Tatum,FG_MISS,None,3:11,4,Celtics,Timberwolves,103 - 101,0,1,2,Jumper
85,Team,OFFENSIVE_REBOUND,None,3:10,4,Celtics,Timberwolves,103 - 101,0,N/A,N/A,N/A
86,Karl-Anthony Towns,FOUL_ON_FLOOR,None,3:10,4,Timberwolves,Celtics,103 - 101,1,N/A,N/A,N/A
87,Gordon Hayward,FT,None,3:10,4,Celtics,Timberwolves,104 - 101,0,N/A,1,N/A
88,Gordon Hayward,FT,None,3:10,4,Celtics,Timberwolves,105 - 101,0,N/A,1,N/A
89,Derrick Rose,FG_MISS,None,2:50,4,Timberwolves,Celtics,105 - 101,1,0,2,Layup
90,Jayson Tatum,DEFENSIVE_REBOUND,None,2:49,4,Celtics,Timberwolves,105 - 101,0,N/A,N/A,N/A
91,Robert Covington,FOUL_ON_FLOOR,None,2:47,4,Timberwolves,Celtics,105 - 101,1,N/A,N/A,N/A
92,Jayson Tatum,FT,None,2:47,4,Celtics,Timberwolves,106 - 101,0,N/A,1,N/A
93,Jayson Tatum,FT,None,2:47,4,Celtics,Timberwolves,107 - 101,0,N/A,1,N/A
94,Derrick Rose,TURNOVER,Gordon Hayward,2:36,4,Timberwolves,Celtics,107 - 101,1,N/A,N/A,N/A
95,Gordon Hayward,FG_ASSISTED,Kyrie Irving,2:31,4,Celtics,Timberwolves,109 - 101,0,22,2,Jumper
96,Jayson Tatum,FOUL_ON_FLOOR,None,2:07,4,Celtics,Timberwolves,109 - 101,0,N/A,N/A,N/A
97,Andrew Wiggins,FT,None,2:07,4,Timberwolves,Celtics,109 - 102,1,N/A,1,N/A
98,Andrew Wiggins,FT,None,2:07,4,Timberwolves,Celtics,109 - 103,1,N/A,1,N/A
99,Gordon Hayward,FG_UNASSISTED,None,1:54,4,Celtics,Timberwolves,111 - 103,0,0,2,Layup
100,Jeff Teague,TURNOVER,Marcus Smart,1:43,4,Timberwolves,Celtics,111 - 103,1,N/A,N/A,N/A
101,Jayson Tatum,FG_MISS,None,1:24,4,Celtics,Timberwolves,111 - 103,0,23,3,Jumper
102,Team,OFFENSIVE_REBOUND,None,1:23,4,Celtics,Timberwolves,111 - 103,0,N/A,N/A,N/A
103,Jeff Teague,FOUL_ON_FLOOR,None,1:23,4,Timberwolves,Celtics,111 - 103,1,N/A,N/A,N/A
104,Gordon Hayward,FT,None,1:23,4,Celtics,Timberwolves,112 - 103,0,N/A,1,N/A
105,Gordon Hayward,FT,None,1:23,4,Celtics,Timberwolves,113 - 103,0,N/A,1,N/A
106,Team,Unknown,None,1:23,4,Timberwolves,Celtics,113 - 103,1,N/A,N/A,N/A
107,Jeff Teague,FG_MISS,None,1:13,4,Timberwolves,Celtics,113 - 103,1,1,3,Jumper
108,Jeff Teague,OFFENSIVE_REBOUND,None,1:09,4,Timberwolves,Celtics,113 - 103,1,N/A,N/A,N/A
109,Kyrie Irving,FOUL_ON_FLOOR,None,1:09,4,Celtics,Timberwolves,113 - 103,0,N/A,N/A,N/A
110,Jeff Teague,FT,None,1:09,4,Timberwolves,Celtics,113 - 104,1,N/A,1,N/A
111,Jeff Teague,FT,None,1:09,4,Timberwolves,Celtics,113 - 105,1,N/A,1,N/A
112,Al Horford,FG_MISS,None,49.4,4,Celtics,Timberwolves,113 - 105,0,6,2,Jumper
113,Gordon Hayward,OFFENSIVE_REBOUND,None,47.2,4,Celtics,Timberwolves,113 - 105,0,N/A,N/A,N/A
114,Gordon Hayward,FG_MISS,None,47.2,4,Celtics,Timberwolves,113 - 105,0,1,2,Jumper
115,Team,DEFENSIVE_REBOUND,None,47.2,4,Timberwolves,Celtics,113 - 105,1,N/A,N/A,N/A
116,Al Horford,FOUL_ON_FLOOR,None,47.2,4,Celtics,Timberwolves,113 - 105,0,N/A,N/A,N/A
117,Karl-Anthony Towns,FT,None,47.2,4,Timberwolves,Celtics,113 - 106,1,N/A,1,N/A
118,Karl-Anthony Towns,FT,None,47.2,4,Timberwolves,Celtics,113 - 107,1,N/A,1,N/A
119,Gordon Hayward,FG_ASSISTED,Kyrie Irving,36.3,4,Celtics,Timberwolves,116 - 107,0,23,3,Jumper
120,Derrick Rose,FG_UNASSISTED,None,30.6,4,Timberwolves,Celtics,116 - 109,1,15,2,Jumper
121,Jayson Tatum,FG_ASSISTED,Kyrie Irving,23.8,4,Celtics,Timberwolves,118 - 109,0,0,2,Layup
122,Robert Covington,FG_MISS,None,21.4,4,Timberwolves,Celtics,118 - 109,1,27,3,Jumper
123,Gordon Hayward,DEFENSIVE_REBOUND,None,18.3,4,Celtics,Timberwolves,118 - 109,0,N/A,N/A,N/A
124,End of,Unknown,None,0.0,4,Timberwolves,Celtics,118 - 109,1,N/A,N/A,N/A
125,End of,Unknown,None,0.0,4,Timberwolves,Celtics,118 - 109,1,N/A,N/A,N/A
